ticker,last_close,history_days,mom_1m,mom_3m,mom_6m,mom_12m_1m,above_ma50,above_ma200,rsi14,macd_hist,volatility,dollar_volume,dist_52w_high,pe_ratio,pb_ratio,ps_ratio,ev_ebitda,fcf_yield,roe,gross_margin,net_margin,net_debt_ebitda,revenue_growth,earnings_growth,market_cap,last_earnings_date,earnings_surprise_pct,days_since_earnings,sector,name,missing_fundamentals,exclude_reason,eligible,z_pe_ratio,z_pb_ratio,z_ev_ebitda,z_ps_ratio,z_fcf_yield,z_roe,z_gross_margin,z_net_margin,z_revenue_growth,z_earnings_growth,z_mom_3m,z_mom_6m,z_mom_12m_1m,z_above_ma200,z_above_ma50,z_dist_52w_high,z_earnings_surprise_pct,z_volatility,z_rsi14,z_macd_hist,block_value,block_quality,block_growth,block_momentum,block_earnings,block_risk,block_technical,composite,blocks_used,rank
MU,1097.3900146484375,460,0.17564065368767245,0.12505515102605158,1.9837129636889923,4.587725221028448,0.14987948220966496,0.6202206257123637,63.52153926655919,0.005286872667635994,0.7667939178293275,26822728025.593567,-0.09558755547686082,24.447256,12.131145,13.540108,17.629,0.0062500015079524,0.66638,0.72569,0.55906,-0.287971626575836,3.457,13.685,1222319669248.0,2026-06-24,,99.0,Information Technology,Micron Technology,1,,True,0.24614858816749152,-0.4145360719549487,0.09389681757629306,-1.72009100867091,-1.031572090808271,1.203575121365961,1.1623068228452154,3.071766411947194,4.097268549112698,3.801700493387899,0.819647001202174,4.075445838281825,3.5160139547567204,3.3743416117845624,2.387019436699991,0.7311564682730793,,-2.79469639389148,-1.7810235680213946,1.0438767680042895,-0.5652307531380691,1.8125494520527898,3.9494845212502985,2.4839373851663917,,-2.79469639389148,-0.36857340000855254,1.2854868054595094,6.0,1.0
SNDK,1787.68994140625,410,0.16320179786575717,0.024464149803008706,1.5806446838009998,12.697593911933394,0.16274430234485182,0.5705432228567762,57.427028622921675,0.00011568582831615503,1.1577577191818889,16206336178.599243,-0.23439402937633835,24.095963,16.833475,12.855774,20.27,0.0296610248835607,0.9164,0.71474,0.56465,-0.3614963854431139,3.716,,260303716352.0,2026-08-05,13.72,57.0,Information Technology,Sandisk,1,,True,0.2563986899920775,-0.8922516432145949,-0.062156142715545565,-1.5853863246262416,-0.4166302131269543,1.9889576595700427,1.1161576745498698,3.071766411947194,4.097268549112698,,0.1680080705536637,4.075445838281825,3.5160139547567204,3.102511753201932,2.560536899502717,-0.39734450147703515,0.09339231842057676,-2.979224569881017,-1.2347474912972762,0.22947868540044353,-0.5400051267382519,2.058960582022369,4.097268549112698,2.1708620024699705,0.09339231842057676,-2.979224569881017,-0.5026344029484163,1.0854610777446898,7.0,2.0
HPE,64.58000183105469,460,0.2727215728068031,0.5702969567835945,1.7077884630533466,1.1032826264173785,0.1701965075582328,0.7696807071000076,63.01389754872125,0.004018766237629498,0.6588862790189459,1514606418.4153938,0.0,32.4433,3.1526747,1.9954296,14.183,0.0567156082251566,0.10936,0.36622003,0.06666,2.047169765752936,0.337,4.102,83550633984.0,2026-06-01,,122.0,Information Technology,Hewlett Packard Enterprise,1,,True,0.012838316702161894,0.49759792723317037,0.2975160910203205,0.5523698894713841,0.2940177586870659,-0.5461800239441639,-0.3526916203742934,-0.7108181496516727,0.9568308773597571,3.4485075779865264,3.096278190013068,4.075445838281825,2.2632610292329813,3.3743416117845624,2.6610503716945564,1.4729215659111214,,-2.0659755880285458,-1.7355215511709514,0.8441656615939989,0.33086799662282057,-0.53656326465671,2.202669227673142,2.823883101153019,,-2.0659755880285458,-0.4456779447884763,1.0017331810175718,6.0,3.0
VLO,408.4599914550781,460,0.12837371881641135,0.5313659372310553,0.7062316115578293,1.171178756666364,0.15736253141431455,0.5851631123993546,67.14716482809723,-0.004553176378409694,0.339882597695473,1549317161.3996887,-0.011662812955999802,16.15269,4.459058,0.84180135,8.836,0.0754968927941984,0.27637,0.16118999,0.05446,0.2597354239393575,0.517,4.535,111479750656.0,2026-07-30,23.84,63.0,Energy,Valero Energy,0,,True,0.4881691980024415,0.3648808179610517,0.6134627698088331,0.7794507139244345,0.7873493919460758,-0.02155504312077524,-1.2167977136127177,-0.8097008580975137,1.9091841035130177,3.801700493387899,3.096278190013068,1.7342180414528778,2.4314205570348233,3.185640858238275,2.4879489248991584,1.4134672471594292,0.6194862069932039,0.08831693741330324,-2.1060033118003902,-0.5058094693782004,0.6066625783285674,-0.6826845382770022,2.855442298450458,2.3914956364662716,0.6194862069932039,0.08831693741330324,-1.3059063905892954,0.9781275085965883,7.0,4.0
MPC,420.1499938964844,460,0.09699737309787038,0.5817549647722109,0.7757319079127687,1.0203239033047047,0.15771375179636005,0.6198627034706119,68.22267862051785,-0.005393615275687643,0.3549189361247784,1213995520.1168823,-0.011155877023551919,13.640207,5.837709,0.71691877,9.332,0.0836970561919524,0.42099,0.12819,0.05549,1.7226732764335084,0.537,3.48,110510161920.0,2026-08-04,27.08,58.0,Energy,Marathon Petroleum,0,,True,0.5614789610280109,0.22482194288578417,0.5841548302765528,0.8040326702229422,1.0027446694700097,0.4327367042397329,-1.35587729646705,-0.8013525638598732,2.015001128641158,2.849973376320074,3.096278190013068,1.9426643225339206,2.057795715458646,3.3743416117845624,2.492686097198245,1.4175886521292214,0.7879194282358235,-0.013226315485462083,-2.181978288259044,-0.6381682194594249,0.63544661477666,-0.5748310520290635,2.432487252480616,2.3968924315196105,0.7879194282358235,-0.013226315485462083,-1.4100732538592347,0.9656747691895257,7.0,5.0
NTAP,215.0500030517578,460,0.17411006088686576,0.399125352883241,1.1247356332894798,0.5732354373242514,0.12534708793190985,0.561476733271201,70.130291009312,0.008955108436650622,0.42656841299282994,502293078.2434845,0.0,28.41031,26.369299,5.345515,18.361,0.0296485316119269,1.14818,0.70625997,0.19184999,-0.4973746253785317,0.299,0.635,39508701184.0,2026-05-28,,126.0,Information Technology,NetApp,1,,True,0.13051375617159952,-1.861007900132218,0.05064397133107312,-0.10706277839205201,-0.416958376308615,2.717043271540853,1.0804182990230216,0.30386425047191484,0.7557785296162908,0.11230488155953511,2.5951021720363685,2.989401278397775,0.950483928332957,3.0509594372370836,2.0561326643377926,1.4729215659111214,,-0.49708885847644946,-2.181978288259044,1.6215786127934224,-0.4407742654660424,1.3671086070119298,0.43404170558791294,2.1858335077088498,,-0.49708885847644946,-0.2801998377328109,0.8935351291843813,6.0,6.0
GOOG,334.92999267578125,460,0.009389031445152574,-0.059050386437139224,0.13716225072413235,0.36596503434039795,-0.01836647873755637,-0.005713295560066056,45.17125526719685,-0.0006323610583484475,0.33744191873919344,5995130647.456207,-0.1596102424307395,17.12249,6.7015085,9.355695,23.491,0.0054334460128231,0.48676,0.60897,0.54771,-0.7027037421946938,0.242,2.94,4171386060800.0,2026-07-22,212.77,71.0,Communication Services,Alphabet Inc. (Class C),0,,True,0.45987216746245496,0.13706747401688368,-0.2524804839120668,-0.8964288333626492,-1.0530207118851684,0.6393386142376629,0.6703864037554623,3.071766411947194,0.45420000800109156,2.3303456128154374,-0.3730077502200706,0.027457089857024296,0.4371337128605075,-0.1740990931275029,0.11776017278534288,0.21065002297728785,4.12430081901671,0.10479930655306474,-0.136212075172479,0.11167053629911321,-0.32099807753610915,1.4604971433134397,1.3922728104082644,0.04098235918876483,4.12430081901671,0.10479930655306474,-0.012270769436682892,0.8276442728913612,7.0,7.0
GOOGL,338.239990234375,460,0.010260340940651647,-0.05960543714955635,0.13877245845826747,0.3808122940551124,-0.015923037499028125,-0.00036848907381015206,45.42895605791296,-0.000872129817142701,0.34668688253554547,9333002096.16806,-0.15886055597957816,17.273733,6.7573094,9.433596,23.691,0.0053885777008354,0.48676,0.60897,0.54771,-0.7027037421946938,0.242,2.94,4206119354368.0,2026-07-22,214.23,71.0,Communication Services,Alphabet Inc. (Class A),0,,True,0.4554591670603522,0.13139859096947906,-0.26429820146540556,-0.9117629094011971,-1.0541992765117303,0.6393386142376629,0.6703864037554623,3.071766411947194,0.45420000800109156,2.3303456128154374,-0.37660342625766363,0.03228644788212203,0.4739061794741698,-0.14370837242466153,0.1507166945059487,0.21674499724885385,4.12430081901671,0.04236630790604818,-0.15931085785621554,0.07390991702587354,-0.3286805258697003,1.4604971433134397,1.3922728104082644,0.05889042007146154,4.12430081901671,0.04236630790604818,-0.042700470415171,0.8254534944590238,7.0,8.0
SMCI,41.91999816894531,460,0.14192316029439356,0.5400440568115226,0.8622833293070851,-0.23425114442910555,0.15589081035494168,0.3123991769837944,58.740766676299465,-0.0002616397911207877,0.8763374533882146,1520089893.9697075,-0.28561694016815087,13.269938,2.771478,0.72754955,12.167,-0.2902424568227822,0.21465999,0.108219996,0.0571,0.6073675081951194,0.932,4.347,28420321280.0,2026-08-11,77.55,51.0,Information Technology,Supermicro,0,,True,0.5722827486141218,0.5363241755617207,0.41663868395797554,0.8019401015926414,-2.4252995352155913,-0.21540339239843007,-1.4400415591204434,-0.7883032884010367,4.097268549112698,3.6842646188358525,3.096278190013068,2.2022505812713806,-1.0494321463537373,1.6346974142916202,2.4680987208937983,-0.8137883666518395,3.4116307480244092,-2.979224569881017,-1.352503240955638,0.17005455888267637,-0.019622765097826365,-0.81458274663997,3.8907665839742753,1.2563507322440484,3.4116307480244092,-2.979224569881017,-0.5912243410364808,0.815460809177788,7.0,9.0
DELL,541.739990234375,460,0.27468232996323527,0.37612895493730814,2.213568150082671,2.0360144113890652,0.11356264840746721,0.8650674199237431,54.0386955390799,-0.010010865278666028,0.8131062208893423,5070445695.493164,-0.07929985085597546,32.783344,-252.41704,2.3670619,21.528,0.0168580583604658,,0.19910999,0.07525,1.3378089864987506,0.577,2.729,357892653056.0,2026-09-01,43.14,30.0,Information Technology,Dell Technologies,1,,True,0.0029164405906552194,,-0.1364895861260465,0.47921758145761684,-0.7529282103262521,,-1.0569825808858206,-0.6411949967377567,2.2266351788974377,2.1273058755941814,2.4461291229161204,4.075445838281825,3.5160139547567204,3.3743416117845624,1.8971871038599855,0.8635760157430603,1.6228075557532535,-2.979224569881017,-0.9310372490962935,-1.3653280893632527,-0.10182094360100664,-0.8490887888117886,2.1769705272458095,2.6954489412237126,1.6228075557532535,-2.979224569881017,-1.1481826692297732,0.7962785779927749,7.0,10.0
PSX,264.2300109863281,460,0.04844856164936351,0.5056820296291917,0.5233484325939939,0.9076818218516443,0.10516823827585631,0.45347157820791106,62.725417077296136,-0.007662188237359914,0.30438718570965095,873172559.8467255,-0.036395393237831586,14.597602,3.2390637,0.6738591,12.062,0.0443282039290138,0.23452999,0.13098,0.046609998,1.6590428019610863,0.531,3.449,102539124736.0,2026-08-05,25.45,57.0,Energy,Phillips 66,0,,True,0.5335438862148221,0.4888215609454897,0.4228429856734784,0.8125085595436798,-0.03136458514521152,-0.15298618163883043,-1.3441187463534414,-0.873326223594667,1.983256021102716,2.8201428936003636,3.096278190013068,1.1857122000877711,1.7788131113205223,2.4368390737709706,1.7839654083790892,1.2123905967095199,0.7031829619933945,0.3280242047755149,-1.7096638590023183,-0.9954404526313032,0.4452704814464517,-0.7901437171956464,2.4016994573515396,1.9156664300468236,0.7031829619933945,0.3280242047755149,-1.3525521558168108,0.7644548019186523,7.0,11.0
TRV,361.6400146484375,460,-0.0028674811082657348,0.06008143779083497,0.25423707286611674,0.31875584653369216,-0.025418264622073306,0.1380990360100769,44.35821121651943,-0.004124007251251143,0.2767637265095065,517222225.43395996,-0.08645970313652263,9.756517,2.286463,1.5459907,6.945,0.1951256483617965,0.26511,0.34730998,0.16951999,0.3490418018545816,0.003,0.571,75721080832.0,2026-07-17,86.12,76.0,Financials,Travelers Companies (The),0,,True,0.6747980933623484,0.5855974545094972,0.7251992892756514,0.6408376917753517,3.1777801842011817,-0.0569258429774985,-0.43238867075990145,0.12287647345587947,-0.8103134422801824,0.05071936884787441,0.3987405533283793,0.3785895678984189,0.32020989554762436,0.6436218877183828,0.02264745593027064,0.8053661929957694,3.857147015323562,0.5145706779535983,-0.06333559005687393,-0.43822063046541776,1.1608425426248061,-0.1221460134271735,-0.379797036716154,0.42819592556980757,3.857147015323562,0.5145706779535983,-0.2507781102611458,0.7535570032185959,7.0,12.0
INTC,120.0,460,0.34876922955550405,-0.0029081718201795503,1.4984385394514206,1.651862987896096,0.19411539945724088,0.48570381547482544,61.532426255157844,0.006291236056030865,0.72045353786482,12349956214.921875,-0.14857387596620586,59.648514,7.085662,11.400458,39.004,0.0074845327221426,-0.10715,0.38873002,-0.19794,1.2357482789016103,0.254,,650190913536.0,2026-07-23,94.59,70.0,Information Technology,Intel,1,,True,-0.78096120011045,0.09804084068747199,-1.16912174593679,-1.2989211161678706,-0.9991444207004669,-1.2198021313936531,-0.2578225001334934,-1.987731089513002,0.5176902230779757,,-0.009312665645704285,4.075445838281825,3.5160139547567204,2.620112485619545,2.903794996652094,0.30037602716037337,4.12430081901671,-2.4817509953634787,-1.6027311807296265,1.2020516015892755,-0.8300215284456212,-1.1551185736800496,0.5176902230779757,2.2344051061374754,4.12430081901671,-2.4817509953634787,-0.2003397895701755,0.7178515626346031,7.0,13.0
TGT,156.6999969482422,460,-0.04305345375119274,0.21267758429737316,0.32332611245118303,0.8994516442089355,0.011361255961241046,0.23372545777729115,49.2229109732122,-0.003447885319857584,0.2768966737589805,531904244.8616791,-0.07763848660187778,16.332987,4.008707,0.6641198,9.928,0.0479945044247483,0.26408002,0.2838,0.04078,1.6042126997920063,0.053,1.005,71529021440.0,2026-08-19,75.83,43.0,Consumer Staples,Target Corporation,0,,True,0.48290845381264164,0.41063253790251747,0.5489380319676033,0.8144256487564273,0.06493883887938365,-0.06016129736794498,-0.7000536465822272,-0.9205791737974406,-0.5457708794598323,0.46834612692382305,1.38727420466483,0.5858024018037598,1.7584292870723968,1.187356423891518,0.5187203918636785,0.8770829590374715,3.322215581191908,0.513672859895099,-0.4993786545318239,-0.3317397738182525,0.46436870226371463,-0.5602647059158709,-0.03871237626800461,1.052444278055609,3.322215581191908,0.513672859895099,-0.41555921417503816,0.7020475634535434,7.0,14.0
CRM,236.69000244140625,460,-0.08137457590080177,0.4274059412719182,0.27960109239941633,0.09638019920266983,0.08467291959141665,0.18496086895682007,53.09756456171831,-0.014605544404678822,0.6204849774890968,3031812571.6256714,-0.1048608469399438,21.410795,5.018442,4.3834143,17.332,0.0920665459435792,0.19381,0.77282,0.2199,2.401193806622062,0.108,1.189,192598458368.0,2026-08-26,80.36,36.0,Information Technology,Salesforce,0,,True,0.3347470926534456,0.30805229952157465,0.1114461281430012,0.08231765691096422,1.2225876750714764,-0.28089902501873926,1.3609378145492943,0.5312135095483845,-0.254774060357447,0.6454044759698475,2.7783067544705946,0.4546616974039139,-0.23055174156898145,0.9100795939739604,1.5075296976511652,0.6557643189382925,3.5577101775589037,-1.8066442959576372,-0.846679805478839,-2.0829756518897504,0.4118301704600924,0.5370840996929799,0.19531520780620026,1.0126317201448243,3.5577101775589037,-1.8066442959576372,-1.4648277286842948,0.6847242687126274,7.0,15.0
OXY,57.84000015258789,460,-0.04667093291188962,0.18800665898868285,-0.06196697287300468,0.30962281977187023,-0.00605957833359938,0.08109830630033743,49.00085617630703,-0.007317253445365717,0.33543037190420916,548168660.1993942,-0.11875315013130583,16.772861,1.6988854,2.3756325,5.557,0.0666461326968562,0.10629,0.73318,0.30318,0.7636681759183976,0.534,9.649,56839380992.0,2026-08-05,29.8,57.0,Energy,Occidental Petroleum,0,,True,0.47007371674134235,0.6452901959469062,0.8072142490958225,0.4775305398009503,0.5548647651169393,-0.5558237500152244,1.1938736831860508,1.2062095717917984,1.999128574871937,3.801700493387899,1.2274533937493752,-0.5697741205164937,0.29758996916835173,0.3195141279853762,0.28375255438263525,0.5428194599336026,0.9293201571802452,0.11838366486894471,-0.47947496900823494,-0.9411174815316206,0.5909946933403921,0.6147531683208749,2.9004145341299177,0.35022589745047455,0.9293201571802452,0.11838366486894471,-0.7102962252699278,0.6616465151129166,7.0,16.0
AMZN,248.22999572753906,460,-0.02624353714678962,0.022911763302206456,0.17884782776938635,0.16099644607894237,-0.031057845010431073,0.029069123585959034,44.20350252380907,-0.0015100101801558581,0.42014860774077945,8781149648.7677,-0.12601223389389682,20.08608,4.8805614,3.4718165,16.705,0.0011953593245752,0.30558002,0.5077,0.1744,0.7616214837282254,0.196,2.423,2693018681344.0,2026-07-30,215.02,63.0,Consumer Discretionary,Amazon,0,,True,0.3733999085039079,0.322059761693439,0.14849467267271846,0.26175707337253834,-1.1643433543871065,0.07020177492814879,0.2435805363701015,0.16242963788561623,0.21082085020636945,1.832850142941554,0.15795154992024318,0.1524810676746806,-0.07051555801633244,0.02367472494322293,-0.05341778788789658,0.4838028821368513,4.12430081901671,-0.45373469274423395,-0.04946841307898791,-0.02654836474003693,-0.01172638762890057,0.15873731639462219,1.0218354965739618,0.1156628131284615,4.12430081901671,-0.45373469274423395,-0.03800838890951242,0.6248209600504624,7.0,17.0
CNC,60.9900016784668,460,-0.0650007889048515,-0.10123782596660924,0.7964653993482318,0.8281951457122396,-0.05769400256000978,0.1578174366639884,37.73792411735892,-0.007465029231138961,0.3522983126187693,305596690.90999603,-0.12130819103009238,11.559979,1.3535349,0.16937378,4.273,0.3156520242183403,-0.20358999,0.11415,-0.02829,-2.3777681736095686,0.046,,30538770432.0,2026-07-28,132.64,65.0,Health Care,Centene Corporation,1,,True,0.6221762957837701,0.6803747840962502,0.8269911994213349,0.8735630492018275,3.1777801842011817,-1.2198021313936531,-1.4150493551032748,-1.4804011961215593,-0.5828068382546813,,-0.646302355577722,2.004848506058496,1.5819470767302828,0.7557412709964731,-0.41267959087069106,0.5220468975953363,4.12430081901671,0.004471253418978988,0.5300679947071003,-0.9643903433191549,1.2361771025408728,-1.3717508942061623,-0.5828068382546813,0.6342669674886959,4.12430081901671,0.004471253418978988,-0.21716117430602727,0.6128426213481737,7.0,18.0
NVDA,230.86000061035156,460,0.06290614709438613,0.18625630267518511,0.31657301053527065,0.16688461728270787,0.06088573893975724,0.1537881350053938,60.21556911417232,0.0026452009038139064,0.3873581134697185,24589452020.669632,-0.018462363074521315,28.489874,23.73405,17.938293,26.833,0.0076930416126599,1.17211,0.74674004,0.63663,-0.1173024727005246,1.059,1.278,5434765213696.0,2026-08-26,6.16,36.0,Information Technology,Nvidia,0,,True,0.1281922208675332,-1.5932896665232599,-0.4499545442283579,-2.5858321830024504,-0.9936674773566937,2.7922140744335158,1.2510229340400074,3.071766411947194,4.097268549112698,0.7310468295845006,1.2161144041527565,0.5655484021237547,-0.055932221887887885,0.7328305479144063,1.1866941795068535,1.35818669224689,-0.29961853114553605,-0.23229424910853685,-1.484695854409422,0.6278460798521678,-1.0989103300486458,2.3716678068069057,2.4141576893485994,0.8339070006761288,-0.29961853114553605,-0.23229424910853685,-0.4284248872786271,0.5890849891517805,7.0,19.0
ILMN,265.7200012207031,460,0.2828658087032778,0.4083104278963152,1.0983969595208283,1.1810045511261813,0.22244755224726664,0.6401178418605806,67.58961882197437,0.010689621505659564,0.4725441342134287,995865074.4927216,-0.029864888127280276,50.27933,14.365522,9.072096,36.475,0.0195640188015145,0.32339,0.67934996,0.18336001,1.176623366836454,0.094,-0.094,40769998848.0,2026-07-30,6.82,63.0,Health Care,"Illumina, Inc.",0,,True,-0.5075851578514753,-0.6415292189617335,-1.0196867074748213,-0.840605048938108,-0.6818502242061083,0.12614788843012434,0.9670051444915837,0.23505177366445393,-0.32884597794714504,-0.5891925991717243,2.6546040398642328,2.910405951994508,2.45575627323222,3.3743416117845624,2.903794996652094,1.2654838073010681,-0.265308060151669,-0.8075716471590709,-2.145662284610365,1.8947430064895496,-0.7382512714864492,0.4427349355287207,-0.45901928855943464,2.5940644468047807,-0.265308060151669,-0.8075716471590709,-0.12545963906040758,0.5799417288299482,7.0,20.0
DLTR,114.43000030517578,460,-0.13119736943170368,-0.0775493954850468,0.05271392380684192,0.3956766226610877,-0.0784363850804356,-0.025129968496529376,41.272972998305704,0.0017710169937723062,0.3376492543692217,333922046.58367157,-0.1896466619604058,13.979167,6.2500687,1.066486,11.189,0.0490392973786007,0.46032003,0.3718,0.08035,2.641065474467533,0.07,1.972,21402988544.0,2026-08-27,136.13,35.0,Consumer Staples,Dollar Tree,0,,True,0.5515887140989184,0.18292980650872084,0.4744273227938022,0.7352236628237484,0.09238261741576348,0.5562832956685893,-0.3291746465830985,-0.5998587825513804,-0.4558264081009131,1.3988647330515704,-0.4928462479730305,-0.2258215378991331,0.5107209209079728,-0.28450284407861315,-0.692447636564836,-0.03354700627364589,4.12430081901671,0.10339912961411969,0.21320701166367628,0.4901729068838802,0.4073104247281907,-0.12425004448862986,0.47151916247532866,-0.20307405864688097,4.12430081901671,0.10339912961411969,0.3516899592737782,0.5689208107871169,7.0,21.0
ZBRA,375.45001220703125,460,0.09237706974789117,0.4052325117870408,0.8113180934876154,0.15661599128879056,0.07733825925591198,0.4081546672195093,63.53515682189455,0.0042045957422787595,0.6211107724443192,198561286.7816162,-0.01986630136287848,33.886448,5.1050563,2.994157,17.155,0.0329442738931665,0.15286,0.49581,0.092180006,2.36908772972973,0.204,1.215,17506836480.0,2026-08-04,45.1,58.0,Information Technology,Zebra Technologies,0,,True,-0.029270162396333267,0.2992530447258129,0.121904808177706,0.3557798342297138,-0.3303884765540073,-0.40953439394705354,0.19346972602930984,-0.5039749272882206,0.25314766025762536,0.6704235905089597,2.6346649803292137,2.049394918372732,-0.08136470665511293,2.179165837423588,1.4086016412490707,1.3467726300971103,1.7246992574926163,-1.810870408298729,-1.782244165562059,0.8734315142850779,0.0834558096365784,-0.2400131984019881,0.46178562538329254,1.589539216802767,1.7246992574926163,-1.810870408298729,-0.4544063256384905,0.5616194419195365,7.0,22.0
TER,415.7900085449219,460,0.23993841719411457,0.12696017112753122,0.33282128693892354,1.4410107991437462,0.11371452899602508,0.24639200701107256,62.4859223134785,0.012888149135723208,0.7442271078632527,913051701.0505676,-0.14031553128360552,54.647465,19.836678,13.952194,41.242,0.0070224785835263,0.36465,0.59242,0.25766,-0.1692491299214152,1.039,3.858,62283030528.0,2026-07-28,20.28,65.0,Information Technology,Teradyne,0,,True,-0.6350395293690915,-1.1973507827377001,-1.301362005358651,-1.8012062454255227,-1.0112812861006855,0.25575705380209607,0.6006358645510804,0.8372635973282992,4.097268549112698,3.21371281077332,0.8319879188458861,0.6142804646896664,3.099718274186104,1.259378780738772,1.899235631091506,0.3675166274582696,0.43441760587476985,-2.6422984346225245,-1.6881969574536513,2.2409839647278536,-1.1892479697983303,0.5645521718938252,3.655490679943009,1.3453529495017007,0.43441760587476985,-2.6422984346225245,0.27639350363710113,0.5611223527027128,7.0,23.0
BIIB,222.82000732421875,460,0.0313831431623226,0.031001352759601364,0.21242795083378674,0.5422614967316366,0.03680710477940097,0.14283871417339333,53.83235362790083,0.0007119033151834346,0.3492316228484798,233910327.34939575,-0.0256679131335944,40.498222,1.7835593,3.353525,12.116,0.0376756558551423,0.04575,0.78322,0.083229996,2.104697613717552,0.034,-0.848,33628811264.0,2026-07-29,77.38,64.0,Health Care,Biogen,0,,True,-0.22218990956223272,0.6366880688079597,0.41965220193407693,0.2850416378288856,-0.20610835171519687,-0.7459967716249959,1.404768969094646,-0.5765160116666929,-0.6462970533315653,-1.1496977467387257,0.21035674878801938,0.2531950521916768,0.8737702304371299,0.6705718316785821,0.86192760963989,1.2996053451323761,3.4027932024653835,0.02518119263527464,-0.9125419742016082,0.323375578552241,0.1826167294586985,0.027418728600985782,-0.8979974000351455,0.6949044696446123,3.4027932024653835,0.02518119263527464,-0.29458319782468356,0.5422090087965805,7.0,24.0
STX,945.5700073242188,460,0.15880679593328284,0.15383341806476003,1.238142217971629,2.4770638032173817,0.10540456016288902,0.4616822085733887,62.0095428514892,0.010398004197948566,0.7230859850020462,3260487176.4126587,-0.13439849088432587,65.76973,95.9529,17.09559,46.643,0.0093234036805637,3.7152898,0.45576,0.26108998,0.4873389181742822,0.485,1.488,208480731136.0,2026-07-28,12.09,65.0,Information Technology,Seagate Technology,0,,True,-0.9595673416796958,-4.3342648144159375,-1.6204994678865652,-2.4199540571772036,-0.9508424416779145,4.148857647531403,0.02467763568879741,0.8650640655508457,1.7398768633079935,0.933124293169637,1.0060755975081166,3.329531926278334,3.5160139547567204,2.483524950027324,1.7871528586358179,0.4156223507797437,0.008655852178147645,-2.499528411498049,-1.6454971052843659,1.8488168808952998,-2.0570256245674634,1.6795331162570155,1.3365005782388153,2.089653606331009,0.008655852178147645,-2.499528411498049,0.10165988780546698,0.5182066144980955,7.0,25.0
FTNT,178.72000122070312,460,0.10423227977141902,0.14380800781249992,1.2023413168231296,0.9249524569317602,0.0960530656526184,0.513581552913565,62.09907079908249,0.003028618418785631,0.45069274201379844,672685552.2599792,-0.00022372615440691135,61.29329,82.05298,16.907562,47.678,0.0178014288177706,1.17442,0.80204004,0.28173,-1.3514908365454144,0.256,0.439,127269978112.0,2026-07-29,20.53,64.0,Information Technology,Fortinet,0,,True,-0.828952823850847,-4.3342648144159375,-1.6816561562250933,-2.3829425213897792,-0.7281485161173901,2.79947042857819,1.4840866692667323,1.0323543180079218,0.5282719255907897,-0.0763007511199256,0.9411299509128538,3.2221573524255365,1.8215875938905892,2.778626088405072,1.6610222494407738,1.4729215659111214,0.44741399640274976,-0.6600050401191101,-1.6535218637642746,0.6882296047048057,-1.9911929663998094,1.7719704719509481,0.22598558723543205,1.9829074668309914,0.44741399640274976,-0.6600050401191101,-0.48264612952973446,0.5180490271318313,7.0,26.0
INCY,117.13999938964844,460,-0.06295498449800552,0.0023960189785594554,0.2422056797321055,0.4740007750838955,-0.05267159304433289,0.0971015349450608,36.21780337369554,-0.006942807755177296,0.3195808020766218,192913430.07549286,-0.09843757413308041,15.782166,3.9245436,4.315163,10.614,0.0470155326758783,0.30667,0.55659,0.27706,-2.315524324154229,0.377,0.377,25112223744.0,2026-07-28,43.95,65.0,Health Care,Incyte,0,,True,0.498980426032755,0.41918280270957153,0.5084032607596511,0.09575228065045091,0.039223998661236215,0.07362570604962579,0.44962910807416284,0.9945033140372596,1.1684649276160373,-0.13596171655934686,0.02504843204713958,0.342504841839112,0.7047077127707626,0.41050893824392154,-0.34493859277209094,0.7079857275504319,1.6649158610639088,0.22541882405388555,0.6663226744593296,-0.8821469083142675,0.3123085537627329,0.5059193760536828,0.5162516055283453,0.3076361766132128,1.6649158610639088,0.22541882405388555,-0.10791211692746894,0.4857607167993843,7.0,27.0
KEYS,373.8800048828125,460,0.17104650530370424,0.19123183053749293,0.2899531107050852,0.8252343491640508,0.12304674036327556,0.2394702578296255,70.37972193282653,0.010372624517067735,0.3877504496266816,350865206.4794922,0.0,49.005413,9.385772,9.367082,36.405,0.0302838568498497,0.20897,0.63278997,0.19143,0.0948175453474676,0.365,1.091,61654134784.0,2026-08-18,23.69,44.0,Information Technology,Keysight Technologies,0,,True,-0.47041453684259893,-0.13563020379686339,-1.0155505063311525,-0.8986702567570978,-0.4002701654398142,-0.23327723764503372,0.7707764793646584,0.3004601727079665,1.1049747125391531,0.5511016596301171,1.2483463892824902,0.48570961850168054,1.574614020374421,1.220021519313235,2.025106154096727,1.4729215659111214,0.611688372676416,-0.23494376978773285,-2.181978288259044,1.8448198944995882,-0.5841071338335053,0.2793198048091971,0.8280381860846351,1.337786544579946,0.611688372676416,-0.23494376978773285,-0.168579196879728,0.4695113094454156,7.0,28.0
BE,277.5799865722656,460,0.2993492497672934,0.02469626624115473,1.0957341862434036,1.526073142411125,0.18260653084761613,0.3446945555200065,55.63045128332414,-0.0011010923385941435,1.0871011996033988,4832755879.493637,-0.19739776876226578,384.93335,52.538673,27.313189,203.491,0.0062523483462102,0.22213,0.31651,0.07868,0.2345732747084687,1.655,,85030051840.0,2026-07-28,91.83,65.0,Industrials,Bloom Energy,1,,True,-4.878347121096921,-4.3342648144159375,-5.064725977936944,-3.944198292295727,-1.031510445953977,-0.19193800797234467,-0.5621962364689147,-0.6133943664124095,4.097268549112698,,0.16951174489530818,2.9024197243645347,3.3103936606198436,1.818329849181531,2.8284336488697153,-0.09656374675269795,4.12430081901671,-2.979224569881017,-1.0737128688323248,0.037851146717987595,-3.850609330339901,-0.4558428702845563,4.097268549112698,1.8220874801963725,4.12430081901671,-2.979224569881017,-0.5179308610571686,0.4650367154680411,7.0,29.0
WBD,30.950000762939453,460,0.09286727035508746,0.1688066955429266,0.12586398765475693,0.45007673830699124,0.10047577023169763,0.11845911871470705,75.38007542067707,0.004759496816872494,0.2790492486833686,1466728507.1638489,0.0,495.98203,2.3569846,2.14233,13.762,0.2089611429164359,-0.08786,0.47811002,-0.08769,3.671499962912357,-0.112,-0.906,77370245120.0,2026-08-06,153.87,56.0,Communication Services,Warner Bros. Discovery,0,,True,-4.878347121096921,0.5784330771837576,0.32239238647009866,0.5234539332745045,3.1777801842011817,-1.165703038841408,0.11887255691107623,-1.961846514292294,-1.2598241650245217,-1.1496977467387257,1.1030740407639013,-0.0064288220455545175,0.6454546343881663,0.5319487630345735,1.7206745779788817,1.4729215659111214,4.12430081901671,0.49913611207192715,-2.181978288259044,0.9608215826051371,-0.05525750799347566,-1.0028923320742085,-1.2047609558816237,0.9112741266718484,4.12430081901671,0.49913611207192715,-0.6105783528269535,0.4585150146228578,7.0,30.0
CVX,207.10000610351562,460,-0.018715929358567696,0.2346773852414612,0.06793386106959676,0.41262398936684686,0.026953345435939413,0.1266095130878513,52.679864462175864,-0.00513342019392277,0.23602031505880333,2053898272.0721436,-0.04899663846998714,19.639769,2.1120868,1.9153793,8.592,0.0546914652733361,0.12231,0.44267,0.09834,0.5634400984036094,0.535,3.219,401049780224.0,2026-07-31,8.84,62.0,Energy,Chevron Corporation,0,,True,0.3864224657294512,0.6033125502167499,0.6278803852239063,0.5681270349137865,0.24084920439034196,-0.5055004628300817,-0.03049061556107294,-0.4540473132939475,2.004419426128344,2.598819957292833,1.5297911951250225,-0.180173684766165,0.5526947590674413,0.578292135736501,0.7290225785256501,1.1099420792517178,-0.1602972246855913,0.7897186837230011,-0.8092396261161969,-0.5971907065061056,0.4853183280948471,-0.33001279722836735,2.301619691710589,0.7199281771566947,-0.1602972246855913,0.7897186837230011,-0.7032151663111512,0.45258591457481806,7.0,31.0
WDC,462.55999755859375,460,0.0272366890200193,-0.14154269380805162,0.5545262813291512,2.75758403789345,-0.0135624828686699,0.16042303626286092,51.64766058406312,0.0077384383609097425,0.7825181635602786,3044048352.373657,-0.37993846988637503,16.975473,22.350464,12.748564,32.849,0.0137751545997273,1.30853,0.48851,0.72947,-0.0775689743960073,0.438,9.841,164698701824.0,2026-08-05,7.87,57.0,Information Technology,Western Digital,0,,True,0.4641618607382821,-1.4527294386411567,-0.8054314882327887,-1.5642830487749335,-0.8339074395091399,3.220747335219856,0.16270362716574588,3.071766411947194,1.4912068542568646,3.801700493387899,-0.9074014664404396,1.2792212491393145,3.5160139547567204,0.7705567839390645,0.18255526247369572,-1.5806253502958052,-0.21072321993415338,-2.9008852156187426,-0.7167189435075756,1.4299680971356332,-0.8384379108839474,2.1517391247775985,2.6464536738223816,0.5433867389287584,-0.21072321993415338,-2.9008852156187426,0.3566245768140288,0.4502108918820704,7.0,32.0
BMY,61.459999084472656,460,-0.08158994671052466,0.05728535962790393,0.017246770026818625,0.5550346895351315,-0.04733562372770117,0.047504298514717824,39.13929142198131,-0.0025491705888514315,0.2525820865078493,744789619.0534401,-0.09737109134970712,13.845816,5.7537756,2.6106014,8.579,0.0631935852078708,0.46598998,0.71661,0.18871,1.7953514078079758,0.057,1.531,128405045248.0,2026-07-30,27.74,63.0,Health Care,Bristol Myers Squibb,0,,True,0.5554796579219106,0.23334884170589346,0.6286485368648734,0.431279131227325,0.4641760326511622,0.5740941896870289,1.1240388532998509,0.27841419180856586,-0.5246074744342042,0.974502059522784,0.3806272692179846,-0.3321951318794973,0.9054058194240246,0.12849765048947576,-0.2729683788331701,0.7166562659010433,0.8222298992296905,0.6778738915477748,0.4044576745384472,-0.19020329941085914,0.4625864400742329,0.6588490782651485,0.2249472925442899,0.2543372490533102,0.8222298992296905,0.6778738915477748,0.10712718756379404,0.43538751211174065,7.0,33.0
COF,194.47999572753906,460,-0.0797766674671262,-0.04852390067067602,0.062355217954907394,0.009619258548562826,-0.07802013273651986,-0.04951717971178482,34.60049096718133,-0.004679323113113727,0.25863899850956773,720441439.191742,-0.23720828490616397,11.024229,1.1926677,2.5528927,,,0.09031,0.0,0.21867001,,11.11,,122819665920.0,2026-07-21,23.79,72.0,Financials,Capital One,3,,True,0.6378085231624027,0.6967174836398677,,0.44263854373660927,,-0.6060213860463468,-1.8961384215794173,0.5212442683548352,4.097268549112698,,-0.3048160845149527,-0.19690523084183462,-0.44543407372157456,-0.4231692161296636,-0.6868333294977363,-0.4202244868646964,0.6168869288876079,0.636970412947069,0.8112890430372844,-0.5256760226592675,0.59238818351296,-0.6603051797569764,4.097268549112698,-0.412897070261743,0.6168869288876079,0.636970412947069,0.14280651018900847,0.4105079551624213,7.0,34.0
APA,43.34000015258789,460,-0.02167040860058389,0.34873430186363663,0.06256777056741436,0.8881818107912558,0.046000870223093404,0.2398660237057666,51.778837380660846,-0.010238228621215798,0.4373225572764865,272383447.0224571,-0.08584686158876631,9.016878,2.1346521,1.746853,3.38,0.143364926560228,0.26659,0.78255,0.19564,0.6008741146853147,0.092,0.263,14974024704.0,2026-08-05,1.01,57.0,Energy,APA Corporation,0,,True,0.6963794373214794,0.6010201132376044,0.8269911994213349,0.601299845258906,2.5700521576057946,-0.0522767502787463,1.4019452312537435,0.3345828122618184,-0.339427680459959,-0.24566091107699234,2.2686637212662073,-0.1962677400117975,1.730517094448565,1.2222718552676701,0.9859308088008027,0.8103486139269935,-0.5673441760219223,-0.5697136399576148,-0.7284768597690648,-1.4011350087379326,1.059148550569024,0.5614170977456052,-0.2925442957684757,1.136910725616407,-0.5673441760219223,-0.5697136399576148,-1.0648059342534988,0.40484366858942833,7.0,35.0
ALL,224.41000366210938,460,-0.12975527238007056,-0.09981238407132687,0.1099024161447113,0.22459202953553636,-0.11540117595620036,0.006411413156552914,28.834125465685275,-0.01034240885611921,0.2982028833833663,579910542.5914001,-0.18089497886981376,4.5574694,1.8238496,0.82054365,3.582,0.263397066476646,0.46113998,0.36800998,0.18971,0.104113116461033,0.118,0.612,57550471168.0,2026-08-05,48.03,57.0,Financials,Allstate,0,,True,0.7339954656124785,0.6325949269653578,0.8269911994213349,0.783635091380496,3.1777801842011817,0.5588589872620636,-0.34514781507828823,0.28651933184511025,-0.20186554779337695,0.09017258792878204,-0.6370681952547347,-0.05430099520128346,0.08699273067591218,-0.1051576567709929,-1.191019451669573,0.03760445069536494,1.8770169544805408,0.36978797446404776,1.3281521198789177,-1.4175421095035503,1.2309993735161697,0.1667435013429619,-0.05584647993229746,-0.3104915195875511,1.8770169544805408,0.36978797446404776,-0.04469499481231631,0.39338045699881186,7.0,36.0
GS,896.6699829101562,460,-0.1056196286569362,-0.11747158688149895,0.05210667104380784,0.2837052334966794,-0.10725308074337314,-0.058132486063969147,29.8189877049967,-0.0062579985910586645,0.35992024229991365,2056071095.305481,-0.21787604240312786,14.451568,2.5837662,4.031024,,,0.16902,0.82075995,0.31039,,0.425,0.923,272376283136.0,2026-07-14,44.27,79.0,Financials,Goldman Sachs,2,,True,0.5378048973077034,0.5553940515102774,,0.1516823589744389,,-0.35877132772283965,1.5629823681402972,1.2646476314552832,1.4224257879235735,0.389439688762008,-0.7514663411665147,-0.22764281905575146,0.23339943203733907,-0.4721560914808908,-1.0811199899477721,-0.2630527512875797,1.681551240939723,-0.04700108719292357,1.2398748632354433,-0.7742979197673538,0.41496043593080656,0.8229528906242468,0.9059327383427908,-0.42700642681686163,1.681551240939723,-0.04700108719292357,0.2327884717340447,0.3864458481765602,7.0,37.0
LLY,1149.8499755859375,460,-0.008750021046605605,-0.05141427783206265,0.2084396806546296,0.5299029739562688,-0.023155751664114432,0.07371246808836363,44.99906432160219,0.0020879547356526715,0.29488276501975047,2628601466.18042,-0.10191823556079516,39.686787,31.142046,13.247059,26.395,0.0104856232038523,1.02286,0.83399004,0.33528998,1.1019253075879267,0.477,0.262,1055340232704.0,2026-08-05,27.27,57.0,Health Care,Lilly (Eli),0,,True,-0.1985136866541961,-2.345877222273106,-0.424073742786546,-1.6624070810060474,-0.9203141967369602,2.3233782059951547,1.6187410334709615,1.4664654562624369,1.6975500532567374,-0.24662318471311204,-0.32354024730999803,0.24123337532995434,0.8431616619279519,0.2775180432190395,0.05316366244524136,0.6796878413913721,0.7977966850370883,0.39220936516601623,-0.1207778919037919,0.5400866882482588,-1.110237185891371,1.802861565242851,0.7254634342718127,0.2952040561672602,0.7977966850370883,0.39220936516601623,0.20965439817223344,0.385763233223959,7.0,38.0
WAT,425.5299987792969,460,0.04851666326404391,0.12191196496782619,0.41895354294522846,0.3536573151086291,0.03958295696220304,0.17114168397999374,53.37929665437447,0.0016667467633368826,0.2776998109594637,295155654.51553345,-0.03999912149914653,109.756966,2.8025289,9.165563,32.735,-0.0033374674673837,0.019199999,0.56337,0.03588,3.400714158209646,1.134,,42567495680.0,2026-08-04,1.41,58.0,Health Care,Waters Corporation,1,,True,-2.243036263582767,0.533169675892062,-0.7986953892273857,-0.8590031450484913,-1.2834079921831445,-0.8293977282472698,0.4782036492104594,-0.960294359976508,4.097268549112698,,0.7992851161736143,0.8726095566109929,0.40665097037220754,0.8315033177230634,0.8993676066871733,1.1830921733481212,-0.5465499511771544,0.5082491216462892,-0.871932612679062,0.47375163293307493,-0.9301946228299454,-0.43716281300443943,4.097268549112698,0.8320847901525288,-0.5465499511771544,0.5082491216462892,-0.19909048987299352,0.37095292373460736,7.0,39.0
HAS,89.9800033569336,460,-0.03454928859168083,0.13106879030871332,0.022573621585665338,0.2683810703321239,-0.018613576544599386,0.00867152508371638,51.160201977518746,0.0008655084523294778,0.3085441959766115,155471236.44771576,-0.13132172813212195,15.618794,17.646233,2.4983125,11.498,0.0553860602196992,1.5956,0.63822,0.15968001,1.9227812052438065,0.162,,12424606720.0,2026-07-21,12.8,72.0,Consumer Discretionary,Hasbro,1,,True,0.5037473289749891,-0.9748207424198501,0.45616894917389383,0.4533821405710422,0.2590942641509292,4.122514254835269,0.7936615259142636,0.04312205759908377,0.030931907488531297,,0.8586039796974023,-0.31621876263293014,0.1954458103469698,-0.09230659649178322,0.11442737962603929,0.44063652808726356,0.04556560127761066,0.2999511238971247,-0.6730260220050984,0.34756649121056066,0.13951438809020084,1.653099279449539,0.030931907488531297,0.20009805643882694,0.04556560127761066,0.2999511238971247,-0.16272976539726888,0.3631776406040229,7.0,40.0
AMGN,407.2699890136719,460,-0.07041451302687962,0.09488194806510664,0.168318500229498,0.5955830574059386,-0.0014637770270047312,0.1295451704541697,50.19385409324835,0.006179560210555395,0.3447932188093174,1293121086.5322876,-0.08297308499652711,25.768177,19.177149,5.8840117,15.489,0.0385704663223039,0.91473,0.71891,0.22951001,2.5083968233467244,0.095,0.649,224151420928.0,2026-08-04,11.97,58.0,Health Care,Amgen,0,,True,0.20760647445547906,-1.1303484088087536,0.22034639539701814,-0.21306076743336325,-0.18260419215681742,1.9837117238896937,1.1337322817089195,0.609103986350976,-0.32355512669073805,0.12577671246521088,0.6241818654281147,0.12090135819020523,1.0058326680424285,0.5949843664708485,0.3457395681057911,0.8337125074117866,0.002417584724717324,0.05515457917046919,-0.5864082832173272,1.1844640347009847,-0.2196120997092874,1.2421826639831963,-0.09888920711276358,0.5875587222748625,0.002417584724717324,0.05515457917046919,0.29902787574182876,0.3531193592373626,7.0,41.0
RVTY,149.05999755859375,460,0.177502187145395,0.31112397641377076,0.6977954788929497,0.4482603013428814,0.1732462537199988,0.4074154500446412,66.58185637481003,0.003399408533357572,0.38349525725705474,324116995.1740265,-0.025050702114882695,72.30144,2.3325565,5.7908363,21.9,0.0358794065352323,0.03211,0.54976004,0.08158,2.6472805926250698,0.013,0.012,16861820928.0,2026-08-04,15.93,58.0,Health Care,Revvity,0,,True,-1.1501509644352494,0.5809147583389058,-0.15847054077525666,-0.1947200700286812,-0.2532907799178061,-0.7888438151459289,0.4208440088146849,-0.5898894603064309,-0.7574049297161123,-0.4871915937430364,2.0250201352644126,1.7089162719219988,0.6409558333365248,2.1749626276800864,2.702184581937777,1.3046232899989898,0.2082804106879192,-0.206207646498582,-2.0553323880695236,0.746624469895089,-0.2351435193636175,-0.3192964222125583,-0.6222982617295744,1.7594437900232982,0.2082804106879192,-0.206207646498582,-0.6543539590872173,0.33246292356022955,7.0,42.0
EOG,141.30999755859375,460,-0.04745539774369478,0.08853587103103222,0.021678120090335984,0.36913153357970074,-0.02156830907802365,0.0814917893347209,46.33778425957787,-0.0048188054012748794,0.33827063071099434,476812569.5198822,-0.08085083576455965,10.913687,2.3146317,2.7550492,5.309,0.0608379781544204,0.22507,0.62636,0.25733,0.2306312636994002,0.587,1.094,73617670144.0,2026-08-04,2.1,58.0,Energy,EOG Resources,0,,True,0.6410339411351301,0.5827357611336299,0.8218682188619626,0.402845946174489,0.4023008467061777,-0.1827026481518503,0.7436771515961993,0.8345889011162396,2.279543691461508,0.5539884805384763,0.583071320727124,-0.3189045635027656,0.44497623665256125,0.3217514836370738,0.07457468933788206,0.8509664599764281,-0.5106799133199299,0.09920285700994944,-0.24077287071528636,-0.5476427609662091,0.5701569428022779,0.46518780152019623,1.416766085999992,0.3260726044713839,-0.5106799133199299,0.09920285700994944,-0.3942078158407477,0.32969064444400137,7.0,43.0
HPQ,32.150001525878906,460,0.03647645255485932,0.4802754901982309,0.7339145328159116,0.1971853806755337,0.06303448529414157,0.3889068610373696,53.2168573869196,-0.011359510500080964,0.5170371559529044,526312425.48594475,-0.09385563865053903,11.946565,-306.86273,0.47709772,7.419,0.1200973639725403,,0.1966,0.04143,1.3308887064910464,0.125,-0.113,28226056192.0,2026-08-26,19.99,36.0,Information Technology,HP Inc.,1,,True,0.6108964073033295,,0.6971912986742383,0.8512391786932371,1.9588785921798686,,-1.0675610193086367,-0.9153108327736869,-0.1648295889985279,-0.6074757982579986,3.096278190013068,1.8172450541182201,0.019114206317776345,2.0697222676090337,1.2156759306468947,0.7452370061840566,0.419341792862313,-1.1080414842782245,-0.8573725124643178,-1.5777230610710675,1.0295513692126685,-0.9914359260411618,-0.3861526936282632,1.493878775814842,0.419341792862313,-1.1080414842782245,-1.2175477867676927,0.3226725648186894,7.0,44.0
WSM,233.38999938964844,460,0.05073835998652454,0.02917974046722782,0.3034446320656756,0.15245799705458052,2.484722695195174e-05,0.12347478340340357,55.112508889954235,0.004398758165656294,0.281742510593655,263106830.41763306,-0.07303995344669367,23.809034,14.603274,3.4119248,16.757,0.0391506063545834,0.54960996,0.45692003,0.14729,0.3006627665368491,0.067,0.42,27312990208.0,2026-08-26,37.87,36.0,Consumer Discretionary,"Williams-Sonoma, Inc.",0,,True,0.26477076534349825,-0.6656827412577281,0.14542206610885017,0.27354618881236464,-0.16736554175506885,0.8367678643409544,0.02956662167026311,-0.057300708505101224,-0.4716989618701341,-0.09458395020619988,0.19855615557564604,0.5261735819843435,-0.09166288336214237,0.5604679741763147,0.36581775815422224,0.9144691772682687,1.3488436434234368,0.48094800220963413,-1.0272875600317581,0.9040096987958466,-0.029861852549616773,0.2696779258353721,-0.283141456038167,0.4123036272994421,1.3488436434234368,0.48094800220963413,-0.06163893061795578,0.31893728015469847,7.0,45.0
CPAY,389.7300109863281,460,-0.037252011223074866,0.10574255358001428,0.34584580792177677,0.4052975108987569,-0.028324244938389254,0.1253481578833997,39.98216582530195,-0.005189124910000677,0.23171086350262904,191354422.2972107,-0.08350573808562833,24.215935,7.37965,5.206599,12.171,0.0744527568984355,0.29215,0.80539,0.22723,2.7011218873095664,0.215,-0.07,26139742208.0,2026-08-05,6.3,57.0,Financials,Corpay,0,,True,0.2528981214749159,0.0681742329922484,0.41640232960690876,-0.07971847591877264,0.7599228724815795,0.02801433714024555,1.4982051898898814,0.5906241860162544,0.3113470240781025,-0.5660980319048515,0.6945379934900802,0.6533437939720719,0.5345491422977318,0.5711200344033399,-0.016547676698335227,0.8293820211548817,-0.2923405524498673,0.8188212296174673,0.3289073721203414,-0.6059635115459262,0.283535816127376,0.7056145710154604,-0.12737550391337452,0.5443975514366284,-0.2923405524498673,0.8188212296174673,-0.1385280697127924,0.3174826552110929,7.0,46.0
FFIV,443.67999267578125,460,0.12119678385508137,0.08707790648255131,0.5006933936590117,0.22441906689996216,0.08190830486760103,0.2893229042727692,60.05403644421791,0.0013392464752681084,0.3656708849821982,234710333.3366394,-0.026996201281231036,35.303585,6.5298967,7.581361,25.707,0.0285833893509749,0.1983,0.81865996,0.21952999,-1.4658249244019304,0.109,0.114,25089239040.0,2026-07-27,18.25,66.0,Information Technology,"F5, Inc.",0,,True,-0.07061968700794896,0.15450173087931066,-0.38342079440306065,-0.5471679448787907,-0.44493667402925136,-0.26679468297995707,1.5541318886947495,0.5282145266834627,-0.24948320910103997,-0.3890396828588273,0.5736264752862388,1.117764883868771,0.0865643511052524,1.50348507561729,1.4702412686282453,1.28880632099031,0.32888691478757287,-0.08583627083574276,-1.4702170162606054,0.4221743809514974,-0.2583286738879482,0.6051839107994184,-0.3192614459799336,1.0067480625826846,0.32888691478757287,-0.08583627083574276,-0.5240213176545541,0.31282308671688813,7.0,47.0
LITE,1045.780029296875,460,0.20349849197966652,0.43587985882603353,0.3676584004535113,4.340482922695213,0.19655848024381184,0.4100258330163604,63.712899545206675,0.007358949598019844,0.9766400859659198,4523592228.756714,-0.0069414169355829225,27.278097,17.96562,28.024553,104.157,0.0026602417368859,-2.40027,0.44244,-2.3009598,-1.3328337171841151,1.093,,84466008064.0,2026-08-11,8.79,51.0,Information Technology,Lumentum,1,,True,0.16354970774797595,-1.007267666212503,-5.018920504700201,-3.944198292295727,-1.125865004818363,-1.2198021313936531,-0.031459958401979786,-1.987731089513002,4.097268549112698,,2.833201670578681,0.7187644329108732,3.5160139547567204,2.1898053390158423,2.903794996652094,1.451852344323365,-0.16289650279118734,-2.979224569881017,-1.7981759775211654,1.3702033022306617,-2.186540352055764,-1.0796643931028782,4.097268549112698,2.2689054563729294,-0.16289650279118734,-2.979224569881017,-0.21398633764525188,0.3086549640172269,7.0,48.0
ROST,234.10000610351562,460,0.023174174678663784,0.09896666756683392,0.0684806395237001,0.5138915223448655,-0.01450559655892758,0.07927520038088876,51.99714343932086,0.0037169192327311876,0.24234058806436407,439005327.72987366,-0.08101530762820086,28.585955,11.193705,3.0900562,20.749,0.0264320937619072,0.42628,0.33385,0.10848,0.1233290896514947,0.133,0.705,75742830592.0,2026-08-20,36.74,42.0,Consumer Discretionary,Ross Stores,0,,True,0.1253887490266254,-0.31930037281821366,-0.09045957625579193,0.33690298252259937,-0.50144517123434,0.44935406935892175,-0.48911621533272287,-0.37186119332338774,-0.12250277894727182,0.17966403608791387,0.6506431016792849,-0.17853377902028134,0.8035058209761643,0.3091478962140042,0.16983478189577958,0.8496292985861738,1.2900999582369679,0.747036678179545,-0.748044530452255,0.7966284849907975,-0.08978267775182416,-0.13720777976572962,0.028580628570321023,0.4340378533885209,1.2900999582369679,0.747036678179545,0.024291977269271237,0.2965328459764938,7.0,49.0
XOM,163.82000732421875,460,-0.00443631549073531,0.2027192204271111,0.0324659975323387,0.5017214733539264,0.02352399419463347,0.11135556109808431,54.771084461657594,-0.0015373584617645788,0.2537000578244781,2316555839.3595886,-0.032482871262038415,20.667953,2.5458148,1.8288704,10.287,0.0313039531788136,0.12584,0.29767,0.09072,0.4677863175503561,0.441,1.128,660331954176.0,2026-07-31,13.26,62.0,Energy,ExxonMobil,0,,True,0.35642189442740385,0.5592495815839011,0.5277252289593601,0.5851554947616849,-0.37347509792463435,-0.4944117484877874,-0.6415980587414555,-0.5158084803724156,1.5070794080260856,0.5867057841665458,1.3227628914804872,-0.28654940746056085,0.7733640487700498,0.491557733709478,0.6827683503127544,1.2441995226177505,0.06947895984909366,0.6703240186401027,-0.9966842830676959,-0.03085538144562199,0.33101542036154313,-0.5506060958672195,1.0468925960963158,0.7046838565716597,0.06947895984909366,0.6703240186401027,-0.513769832256659,0.29503554662721687,7.0,50.0
NWSA,28.639999389648438,460,-0.06182284033677288,0.07869243776343926,0.16294486454971002,0.001563005413416807,-0.020164518750447225,0.08340487781977735,42.78333326810375,-0.005885648913638767,0.27347753725875884,134517969.91643906,-0.07866733383626712,27.660194,1.8159219,1.702896,12.66,0.0679811575947736,0.07979,0.57167,0.06347,0.608370798206278,0.108,-0.749,15373745152.0,2026-08-05,51.24,57.0,Communication Services,News Corp (Class A),0,,True,0.15240080026371394,0.6334003118988428,0.3875080101889954,0.6099523655144412,0.5899321222463159,-0.639067639553694,0.5131842821649225,-0.7366735463682492,-0.254774060357447,-1.1496977467387257,0.5193045398976786,0.10478467334017577,-0.4653871361139412,0.33262935881902456,0.09350866069453109,0.8687183988760059,2.0438906088598032,0.5367629389040116,0.07782720336247798,-0.7156574426832171,0.4746387220224618,-0.2875189679190069,-0.7022359035480863,0.2422597492522458,2.0438906088598032,0.5367629389040116,-0.31891511966036956,0.29384570934245474,7.0,51.0
MRK,143.80999755859375,460,-0.03470658803577742,0.11653960262380636,0.2057195846347426,0.8271805180452358,0.017015016642389025,0.1863662832229358,45.74020407043647,-0.005436487904786872,0.3460357537668403,1422229654.6780396,-0.07536667536549813,119.024,8.758978,5.5140653,14.336,0.041331827540165,0.06961,0.759,0.047659997,1.619964626937836,0.051,,367065792512.0,2026-08-04,49.43,58.0,Health Care,Merck & Co.,1,,True,-2.513431751428812,-0.07195341935763473,0.2884755370920163,-0.1402403129104804,-0.11007098312004028,-0.6710458582518682,1.3026929534130678,-0.8648158346614354,-0.5563525819726463,,0.7644823961454986,0.2330752245123932,1.5794341307236055,0.9180708192022534,0.5949768959094198,0.8955528553709832,1.9497967414372284,0.04676350430736274,-0.18720929845489165,-0.6449201292278198,-0.5094441859449902,-0.07772291316674529,-0.5563525819726463,0.8309320536440256,1.9497967414372284,0.04676350430736274,-0.41606471384135574,0.29300498044276635,7.0,52.0
VEEV,281.92999267578125,460,0.00966938216961677,0.4627476633841878,0.6321059610417705,-0.0627034757012328,0.13288957178862537,0.4029191049038856,64.71147936793162,0.0007439427907014632,0.46822614015416475,412032424.19784546,-0.07932208362645532,46.08867,6.2612653,13.141495,35.666,0.0276756866486096,0.14425,0.74961,0.29345,-6.59442139257445,0.176,0.395,45444575232.0,2026-08-26,5.77,36.0,Health Care,Veeva Systems,0,,True,-0.38530918960781646,0.18179232994600283,-0.9718840399715655,-1.641627804707498,-0.46877947642252427,-0.43658080484992995,1.2631184782995244,1.1273465592362217,0.10500382507822928,-0.11864079110919228,3.0072540929452467,1.5118993321357856,-0.6245570487156528,2.149396282161747,2.157863792196176,0.8633952626244059,-0.3198929003691847,-0.7784114121166981,-1.8876827976337094,0.32842140038004936,-0.6571616361526802,0.6512947442286053,-0.006818483015481498,1.5108752855579517,-0.3198929003691847,-0.7784114121166981,-0.77963069862683,0.29103651327348135,7.0,53.0
MSFT,512.7999877929688,460,0.023512033526820852,0.31569405176340215,0.39393587461783475,-0.024727861114655636,0.058067441486444826,0.189164250718884,60.30527525376225,6.446640143911139e-05,0.4018309014607521,10836552014.483795,-0.04621322909209635,28.739979,8.665659,11.550311,20.0,0.0043167686333294,0.34039003,0.67944,0.40305,0.2675597197739472,0.177,0.317,3832843862016.0,2026-07-29,11.81,64.0,Information Technology,Microsoft,0,,True,0.12089460401539524,-0.06247302572418505,-0.04620222401853823,-1.3284182637860595,-1.082352692529191,0.17954972312713072,0.9673846211411283,2.015669907241483,0.11029467633463629,-0.1936981347265287,2.054625556998049,0.797576208587095,-0.5305021829457591,0.9339801414431331,1.148681691311654,1.1325712844603746,-0.005900105213189831,-0.3300317387263224,-1.4927365849715077,0.2214122580334102,-0.47971032040851574,1.0542014171699141,-0.041701729195946204,0.9228221166424245,-0.005900105213189831,-0.3300317387263224,-0.6356621634690488,0.28363794112010016,7.0,54.0
A,166.67999267578125,460,0.1117188075652169,0.275384417798223,0.4580110764923453,0.17514793232018233,0.09678959920626351,0.25884623372553683,59.95007571036361,0.006376854139462714,0.3015951032322396,396134689.9008179,-0.04868451407582086,34.14822,6.61701,6.608908,24.569,0.0217642859211598,0.20971,0.53648996,0.19533001,1.1490384615384617,0.081,0.085,48720871424.0,2026-08-26,9.01,36.0,Health Care,Agilent Technologies,0,,True,-0.03690820145440028,0.14565178205100368,-0.31617798152456283,-0.35574975710309925,-0.6240553823383727,-0.23095269129565751,0.36491680426572554,0.33207029990188996,-0.39762704428043605,-0.4169456183062985,1.7934955706918283,0.9897514688485508,-0.03546632567725187,1.3301938657418377,1.670956429021569,1.1124796603284794,-0.15145967912656497,0.3468796687204756,-1.4608985877363116,1.215535392670451,-0.23744790807388627,0.15534480429065267,-0.4072863312933673,1.1435684448258356,-0.15145967912656497,0.3468796687204756,-0.12268159753293029,0.27727953637702524,7.0,55.0
SWK,89.58999633789062,460,-0.04380820141331909,-0.01665196873682917,0.2833448359335766,0.31460057862504254,-0.05429693145764136,0.08807515880591033,43.42607218857483,0.0002878138418389817,0.30132827020539027,156231390.97984314,-0.13106074133118994,22.347187,1.5406659,0.9052461,10.286,0.1028079482677846,0.06886,0.32213002,0.040689997,2.5790619022557446,0.004,2.478,13802920960.0,2026-07-29,29.86,64.0,Industrials,Stanley Black & Decker,0,,True,0.30742484783863927,0.6613639123442911,0.5277843175471268,0.7669622141523306,1.5047341668416463,-0.6734018173897495,-0.5385104705873794,-0.9213086607161497,-0.8050225910237754,1.8857751929281377,-0.09834640640704245,0.4658899864608634,0.3099184711785734,0.3591847084688832,-0.36686074906417343,0.4427583589332588,0.9324392909069603,0.34868164289487275,0.02021586811944492,0.2565867224006763,0.7536538917448068,-0.7110736495644262,0.5403763009521811,0.1854240615950605,0.9324392909069603,0.34868164289487275,0.13840129526006062,0.27543648226082584,7.0,56.0
VTRS,17.459999084472656,460,0.049909799494409324,0.053350167172356855,0.30008331748007544,0.73935080382725,0.034040849725442746,0.15592209675944968,55.4991593667387,0.004083318773283334,0.2850038959344893,155814541.2948799,-0.044335049425070605,6.669684,1.4164283,1.3896286,7.593,0.1307333623675522,-0.02754,0.40307,-0.02787,2.821945393663891,0.049,,20479375360.0,2026-08-06,15.04,56.0,Health Care,Viatris,1,,True,0.7339954656124785,0.6739853651253439,0.6869098844028336,0.6716160942470407,2.238256418561375,-0.9762210985787483,-0.19738616556068095,-1.4769970373062107,-0.5669342844854602,,0.35513468466817144,0.5160922792898403,1.3619047484789102,0.7449643147448473,0.8246170562559987,1.1478409438361932,0.16201326040831066,0.4589232467798667,-1.0619446338924516,0.8543318889799378,1.0009526455898143,-0.8835347671485466,-0.5669342844854602,0.8250923378789935,0.16201326040831066,0.4589232467798667,-0.1038063724562569,0.2683126626368399,7.0,57.0
DVN,47.15999984741211,460,-0.032305229164996785,0.17285461632441557,-0.01619610010476491,0.4254583658909121,0.010776177366826678,0.07132688284120703,48.361269731147374,-0.0078289081731557,0.3445083527624524,635976641.2605286,-0.08194672834790218,10.228261,1.2959647,2.7557106,7.026,0.0151217278891579,0.11522,0.50349,0.17464,1.2262438231826065,0.642,0.44,51754999808.0,2026-08-04,11.26,58.0,Energy,Devon Energy,0,,True,0.661033446656785,0.6862234125380082,0.7204131136665491,0.402715755831722,-0.7985367385469294,-0.5277721298801854,0.22583734784741571,0.1643748714943868,2.570540510563893,-0.0753384774838059,1.1292968910917405,-0.4324974654408338,0.5844818828402295,0.263953538096995,0.5108289987329425,0.8420568190331704,-0.03449216437474569,0.057078333758401885,-0.4221462031043642,-1.0216967841588223,0.334369798029227,-0.0458533035127943,1.2476010165400437,0.48302011072570733,-0.03449216437474569,0.057078333758401885,-0.7219214936315932,0.2640480907649376,7.0,58.0
MA,550.0,460,-0.05351914798237367,0.021379696814173066,0.12248295541670395,0.027972715066011844,-0.035532043281235826,0.03535955025328641,36.61323977567323,-0.003878378494017627,0.19704335293888034,1550275680.5361938,-0.083119372135384,31.25826,88.750786,14.174017,22.985,0.0341089367512628,2.41202,1.0,0.46339,0.5870906905803254,0.141,0.221,497267048448.0,2026-07-30,5.53,63.0,Financials,Mastercard,0,,True,0.04741566571340725,-4.3342648144159375,-0.22258165850211964,-1.844870007753334,-0.29979605206522447,4.148857647531403,2.028132277411363,2.50473405704657,-0.0801759688960159,-0.28607640379401966,0.14802666443539925,-0.01656926220480241,-0.3999777484466599,0.05944226871492805,-0.11376465040663251,0.8325231884022026,-0.3323694352760454,1.0529375212330172,0.6308780819567651,-0.3995371337868,-1.3308193734046418,2.893907993996445,-0.1831261863450178,0.0849467434157392,-0.3323694352760454,1.0529375212330172,0.11567047408498254,0.26319475318446994,7.0,59.0
PRU,113.12999725341797,460,-0.03423256067205371,0.013156530904974817,0.1838712932802924,0.1889838413834728,-0.05382677655874846,0.061134186702574755,34.16461507306214,-0.005256738268794796,0.1961089917430088,181852182.97031403,-0.08546287996354718,10.8295555,1.3058783,0.63182646,11.865,0.1826669405599549,0.12011,0.29015,0.06007,3.370917436904066,0.141,0.892,41210249216.0,2026-08-04,15.98,58.0,Financials,Prudential Financial,0,,True,0.643488747925061,0.6852162775459426,0.4344834374635171,0.8207822877096973,3.1777801842011817,-0.5124112763011999,-0.6732913551050173,-0.7642310224925,-0.0801759688960159,0.35960920604229735,0.09475614346967567,0.16754751715483202,-0.0011986888287304747,0.20599757984955328,-0.3605194178739271,0.8134703965373624,0.2108796887935152,1.0592474400777714,0.85035839368755,-0.6166117807868765,1.15235018696908,-0.6499778846329057,0.13971661857314072,0.15334225505146096,0.2108796887935152,1.0592474400777714,0.11687330645033672,0.2616111840618369,7.0,60.0
