run_time,data_date,universe_size,eligible_count,candidate,av_verdict,av_reason,av_calls,price_provider,fundamentals_asof,state_version,equity,cash,positions
2026-08-25 01:45 UTC,2026-08-24,503,501,DELL,confirmed,price confirmed; OVERVIEW unavailable,2,yfinance,—,2,10000.0,10000.0,0
2026-08-25 22:49 UTC,2026-08-25,503,499,MU,confirmed,price confirmed; OVERVIEW unavailable,4,yfinance,2026-08-25,2,10009.01,9523.81,1
2026-08-27 03:22 UTC,2026-08-26,503,499,SNDK,confirmed,price confirmed; OVERVIEW unavailable,2,yfinance,2026-08-25,2,10028.53,9047.19,2
2026-08-28 06:10 UTC,2026-08-27,503,499,WDC,confirmed,price confirmed; OVERVIEW unavailable,2,yfinance,2026-08-25,2,10015.95,8569.64,3
2026-08-29 03:44 UTC,2026-08-28,503,499,VLO,confirmed,price confirmed; OVERVIEW unavailable,2,yfinance,2026-08-25,2,9994.27,8092.69,4
2026-09-01 01:19 UTC,2026-08-31,503,499,MPC,confirmed,price confirmed; OVERVIEW unavailable,2,yfinance,2026-08-30,2,10021.72,7616.77,5
2026-09-02 00:18 UTC,2026-09-01,503,498,OXY,confirmed,price confirmed; OVERVIEW unavailable,2,yfinance,2026-08-30,2,9972.67,7139.55,6
2026-09-02 08:31 UTC,2026-09-01,503,414,PSX,confirmed,price confirmed; OVERVIEW unavailable,4,yfinance,2026-08-30,2,9972.67,7139.55,6
2026-09-02 09:55 UTC,2026-09-01,503,415,PSX,confirmed,price confirmed; OVERVIEW unavailable,6,yfinance,2026-08-30,2,9972.67,7139.55,6
2026-09-03 00:20 UTC,2026-09-02,503,415,PSX,confirmed,price confirmed; OVERVIEW unavailable,2,yfinance,2026-08-30,2,9972.67,7139.55,6
2026-09-04 00:09 UTC,2026-09-03,503,415,APA,confirmed,price confirmed; OVERVIEW unavailable,2,yfinance,2026-08-30,2,9972.67,7139.55,6
2026-09-05 00:09 UTC,2026-09-03,503,415,NVDA,confirmed,price confirmed; OVERVIEW unavailable,2,yfinance,2026-08-30,2,9972.67,7139.55,6
2026-09-07 18:49 UTC,2026-09-04,503,414,NVDA,confirmed,price confirmed; OVERVIEW unavailable,2,yfinance,2026-08-30,2,10216.05,5714.88,9
2026-09-08 00:27 UTC,2026-09-04,503,414,CF,confirmed,price confirmed; OVERVIEW unavailable,2,yfinance,2026-08-30,2,10216.05,5714.88,9
2026-09-09 00:18 UTC,2026-09-08,503,415,TRV,confirmed,price confirmed; OVERVIEW unavailable,2,yfinance,2026-09-06,2,10216.05,5714.88,9
2026-09-10 00:17 UTC,2026-09-08,503,415,GOOG,confirmed,price confirmed; OVERVIEW unavailable,2,yfinance,2026-09-06,2,10216.05,5714.88,9
2026-09-11 00:15 UTC,2026-09-10,503,415,GOOG,confirmed,price confirmed; OVERVIEW unavailable,2,yfinance,2026-09-06,2,10216.05,5714.88,9
2026-09-12 00:23 UTC,2026-09-11,503,415,CNC,confirmed,price confirmed; OVERVIEW unavailable,2,yfinance,2026-09-06,2,10216.05,5714.88,9
2026-09-12 19:58 UTC,2026-09-11,503,415,GOOGL,confirmed,price confirmed; OVERVIEW unavailable,4,yfinance,2026-09-06,2,10216.05,5714.88,9
2026-09-15 00:43 UTC,2026-09-11,503,415,GOOGL,confirmed,price confirmed; OVERVIEW unavailable,2,yfinance,2026-09-06,2,10216.05,5714.88,9
2026-09-16 00:26 UTC,2026-09-14,503,416,GOOGL,confirmed,price confirmed; OVERVIEW unavailable,2,yfinance,2026-09-13,2,10163.98,3768.96,13
2026-09-17 00:37 UTC,2026-09-16,503,416,ALL,confirmed,price confirmed; OVERVIEW unavailable,2,yfinance,2026-09-13,2,10163.98,3768.96,13
2026-09-18 00:25 UTC,2026-09-17,503,416,TGT,confirmed,price confirmed; OVERVIEW unavailable,2,yfinance,2026-09-13,2,10163.98,3768.96,13
2026-09-19 00:25 UTC,2026-09-18,503,416,INCY,confirmed,price confirmed; OVERVIEW unavailable,2,yfinance,2026-09-13,2,10163.98,3768.96,13
2026-09-28 19:27 UTC,2026-09-28,503,419,AMZN,confirmed,price confirmed; OVERVIEW unavailable,2,yfinance,2026-09-27,2,10217.93,1832.96,17
2026-09-29 02:02 UTC,2026-09-28,503,419,ILMN,confirmed,price confirmed; OVERVIEW unavailable,2,yfinance,2026-09-27,2,10217.93,1832.96,17
2026-09-30 01:20 UTC,2026-09-29,503,419,ILMN,confirmed,price confirmed; OVERVIEW unavailable,2,yfinance,2026-09-27,2,10217.93,1832.96,17
2026-10-01 01:20 UTC,2026-09-29,503,419,BIIB,confirmed,price confirmed; OVERVIEW unavailable,2,yfinance,2026-09-27,2,10217.93,1832.96,17
2026-10-02 01:43 UTC,2026-10-01,503,419,DLTR,confirmed,price confirmed; OVERVIEW unavailable,2,yfinance,2026-09-27,2,10289.12,859.82,19
2026-10-03 01:15 UTC,2026-10-01,503,419,BIIB,confirmed,price confirmed; OVERVIEW unavailable,2,yfinance,2026-09-27,2,10289.12,859.82,19
2026-10-06 02:20 UTC,2026-10-05,503,419,BIIB,confirmed,price confirmed; OVERVIEW unavailable,2,yfinance,2026-10-04,2,10385.05,369.86,20
2026-10-07 01:36 UTC,2026-10-06,503,419,BE,confirmed,price confirmed; OVERVIEW unavailable,2,yfinance,2026-10-04,2,10342.5,0.0,21
